<?xml version="1.0" encoding="UTF-8" standalone="yes"?>
<addon id="plugin.video.1pixmediatv" name="1 Pix Media TV" version="0.0.1" provider-name="1PIXMEDIA">
    <requires>
		<import addon="xbmc.python" version="2.14.0"/>
		</requires>
	<extension point="xbmc.python.pluginsource" library="addon.py">
		<provides>video</provides>
	</extension>
    <extension point="xbmc.addon.metadata">
		<platform>all</platform>
		<summary lang="en">1 Pix Media TV</summary>
		<description lang="en">[CR][CR]This Addon Contains a mixture of codes credits for these codes go to[CR][CR]Esxbr, MetalKettle and Kodimaster[CR][CR]To Support Kodi visit www.kodi.tv</description>
		    <website>http://www.iptvstealth.com/</website>
		<license>GNU General Public License, v2</license>
		<language></language>
		
	</extension>
</addon>